Name,Alter,Stadt
Clara,43,Dresden
Jonas,64,Bremen
Clara,63,Bremen
Ben,44,Hamburg
Hannes,56,Köln
David,44,Bremen
Clara,64,Köln
Greta,31,Dresden
Jonas,48,Köln
David,44,Stuttgart
Ben,56,Hamburg
Felix,48,München
Felix,46,Hamburg
Clara,46,Köln
Anna,36,München
Isabel,62,Dortmund
David,31,Bremen
Eva,47,Essen
Greta,26,Essen
Eva,18,Hamburg
Ben,42,München
Clara,23,Hamburg
Greta,60,München
Eva,59,Berlin
Ben,40,Köln
Felix,63,Hamburg
Jonas,63,Dresden
Hannes,60,Stuttgart
Hannes,33,Essen
Anna,33,München
Eva,19,Berlin
Hannes,49,Dresden
Clara,52,Hamburg
Isabel,41,München
Anna,47,Bremen
Ben,49,Bremen
Clara,34,München
Isabel,34,München
Ben,28,München
Hannes,58,Köln
Felix,44,Dortmund
Isabel,45,Köln
Clara,37,Stuttgart
Isabel,46,Köln
Greta,38,Berlin
Clara,56,Essen
Jonas,37,Leipzig
Jonas,53,Essen
Anna,21,Leipzig
Hannes,29,Stuttgart
Eva,53,Hamburg
Felix,46,Köln
Eva,40,Stuttgart
Clara,55,Köln
Jonas,45,Bremen
Isabel,22,München
Clara,53,Hamburg
Jonas,31,Köln
Felix,40,Dresden
Anna,33,Berlin
Isabel,52,Leipzig
Eva,49,Dortmund
Anna,36,München
Anna,44,Dortmund
Clara,45,Dresden
Felix,36,Dresden
Eva,63,Stuttgart
David,18,Köln
Anna,47,Berlin
Felix,40,Dortmund
Ben,58,Berlin
Anna,61,Essen
Anna,33,Essen
Anna,62,Bremen
David,21,Leipzig
Felix,52,Dresden
Ben,59,Berlin
Eva,61,Bremen
Greta,18,Bremen
Greta,53,Stuttgart
Clara,27,Köln
Greta,34,Dortmund
Ben,41,Köln
Isabel,48,Dortmund
David,51,Berlin
Ben,30,München
Ben,47,Leipzig
Ben,35,Leipzig
Eva,61,Köln
Jonas,60,Leipzig
Isabel,43,Leipzig
Greta,62,Stuttgart
Clara,27,Hamburg
Isabel,49,München
Felix,23,Dortmund
Eva,44,Stuttgart
Hannes,56,Dortmund
Jonas,43,München
Jonas,46,Dresden
Anna,23,Köln
Eva,41,Essen
Anna,23,Köln
Clara,45,Essen
Jonas,30,Berlin
Greta,59,Köln
Felix,50,Bremen
Hannes,62,Leipzig
Greta,33,Berlin
Hannes,40,Dresden
Isabel,21,Köln
Eva,60,München
Greta,34,Köln
Eva,25,Dresden
Clara,60,Berlin
Greta,47,Leipzig
Clara,42,Stuttgart
Greta,30,Köln
Clara,45,Dresden
Anna,62,Stuttgart
Ben,32,Berlin
Felix,32,Leipzig
David,36,Berlin
Clara,48,Stuttgart
Felix,28,München
Isabel,23,Berlin
Ben,44,Dortmund
Jonas,32,Dresden
David,49,Leipzig
Jonas,24,München
Greta,62,Essen
Eva,28,Köln
Ben,43,Dortmund
Ben,35,Dortmund
Ben,61,Hamburg
Greta,41,München
Greta,33,Essen
Greta,25,München
David,19,Berlin
David,53,Essen
Isabel,42,Hamburg
Greta,33,München
Hannes,29,Dortmund
Jonas,30,Köln
Hannes,35,Dresden
David,52,Berlin
Clara,61,Köln
Jonas,55,Stuttgart
Jonas,30,Essen
David,22,Köln
Greta,59,Berlin
Ben,40,Essen
Hannes,22,Bremen
Anna,22,Leipzig
Greta,56,Berlin
Isabel,57,Essen
Greta,57,Essen
Isabel,35,Leipzig
Isabel,65,Essen
Felix,56,Bremen
Greta,30,Dresden
Felix,37,München
Jonas,32,Leipzig
Ben,25,Essen
Felix,54,Köln
Ben,37,Stuttgart
Clara,51,Köln
Isabel,51,Bremen
Felix,20,Leipzig
Greta,23,Stuttgart
David,44,Essen
Greta,43,Essen
Eva,22,Leipzig
David,57,Köln
Felix,41,Dresden
Isabel,61,Bremen
Isabel,63,München
Hannes,47,Dresden
Jonas,62,Essen
Clara,30,Berlin
David,42,Dortmund
Isabel,54,Dresden
Hannes,56,Dresden
Isabel,33,Köln
Clara,27,Bremen
David,36,Berlin
Jonas,45,Bremen
Jonas,48,Köln
Greta,22,Berlin
Greta,41,Leipzig
Hannes,39,Leipzig
Ben,40,Leipzig
Clara,32,Leipzig
Anna,55,Stuttgart
Hannes,52,Hamburg
Felix,64,Hamburg
Eva,43,Bremen
Ben,34,Stuttgart
Anna,26,Bremen
Clara,18,Dortmund
David,20,München
Isabel,45,Hamburg
Jonas,25,Köln
Clara,21,Essen
Greta,22,Bremen
Jonas,53,Dortmund
Eva,64,Hamburg
Felix,19,Dortmund
Felix,45,Leipzig
Anna,47,Hamburg
Greta,27,Hamburg
Felix,31,Hamburg
Clara,52,Hamburg
Jonas,21,Essen
Isabel,58,Leipzig
Hannes,20,Hamburg
Felix,39,Essen
Greta,32,Bremen
Jonas,44,Leipzig
Ben,58,Dresden
Ben,52,Leipzig
Hannes,56,Essen
Jonas,44,Köln
Anna,27,Stuttgart
Clara,27,Dresden
Hannes,30,Köln
Clara,41,München
Eva,57,Berlin
Greta,54,Essen
Jonas,53,Leipzig
Isabel,59,Essen
David,31,Essen
Anna,59,Hamburg
Isabel,49,Leipzig
Ben,19,Dresden
Eva,50,Bremen
Isabel,41,Berlin
Hannes,58,Essen
Clara,38,Stuttgart
Isabel,32,Leipzig
Eva,64,Berlin
Isabel,53,Hamburg
Greta,59,Hamburg
Anna,50,Dresden
Eva,31,Dresden
Jonas,33,Berlin
Greta,25,Hamburg
Greta,40,Dresden
Greta,21,Essen
Clara,56,Bremen
Jonas,19,Dortmund
Isabel,63,Essen
Ben,21,Dortmund
Clara,26,Dresden
Ben,25,Bremen
David,44,Hamburg
Clara,56,Leipzig
Isabel,65,Berlin
Greta,58,München
David,27,München
Clara,51,Dortmund
Greta,65,Leipzig
Eva,36,Dresden
Anna,41,München
Hannes,21,Stuttgart
Anna,46,Berlin
Isabel,52,Essen
Eva,37,Berlin
David,61,Dresden
David,56,Hamburg
Hannes,53,Essen
Isabel,44,Köln
Eva,23,München
Isabel,57,Bremen
Felix,30,Leipzig
Isabel,21,Dresden
Isabel,30,Dresden
Clara,64,München
Felix,44,Leipzig
Eva,42,München
Clara,44,Dresden
Greta,37,Köln
Felix,44,Berlin
Greta,62,Hamburg
Clara,43,Essen
Felix,41,Bremen
David,65,Bremen
Greta,44,Dortmund
Clara,57,Stuttgart
Eva,65,Dortmund
Jonas,26,Dortmund
Clara,65,Stuttgart
Ben,55,Bremen
Felix,49,Köln
Clara,58,Berlin
Jonas,41,München
Felix,34,Dresden
Anna,65,München
Greta,42,Stuttgart
Eva,22,Stuttgart
Eva,64,Dortmund
David,28,Hamburg
Felix,19,Köln
Ben,54,Essen
Ben,52,Berlin
Isabel,21,Leipzig
Felix,41,Köln
Felix,46,Dortmund
Ben,60,Leipzig
Isabel,47,Dortmund
Ben,22,München
Eva,43,Leipzig
David,56,Dresden
Clara,24,Hamburg
Jonas,37,Hamburg
Greta,42,Dortmund
Hannes,23,Berlin
Clara,33,München
Eva,18,Dresden
Eva,22,München
Isabel,38,Bremen
Clara,39,Hamburg
Greta,50,Dortmund
Ben,28,Stuttgart
Hannes,28,München
Anna,34,Essen
Hannes,45,Berlin
Anna,43,Köln
Jonas,61,Leipzig
Anna,64,Stuttgart
David,51,Hamburg
Eva,39,Essen
Greta,29,Hamburg
Hannes,30,Stuttgart
David,34,Leipzig
Jonas,60,Bremen
Eva,31,Köln
Jonas,39,Leipzig
Jonas,49,Hamburg
Eva,31,Essen
Jonas,22,Leipzig
Isabel,25,Stuttgart
Eva,43,Berlin
Felix,41,Hamburg
Greta,54,Stuttgart
Hannes,39,Köln
Felix,44,Dortmund
Greta,26,Bremen
Clara,30,Köln
Anna,39,Leipzig
Felix,62,Bremen
Hannes,63,München
Ben,61,Dortmund
Isabel,39,Dortmund
Eva,63,Dresden
Greta,19,Hamburg
Hannes,60,Köln
Jonas,35,Dresden
David,32,Essen
Isabel,48,Hamburg
Clara,22,Berlin
Ben,26,München
Clara,19,Berlin
Isabel,50,Dortmund
Felix,45,München
Felix,49,Essen
Felix,35,Dortmund
David,29,Dortmund
Isabel,36,Bremen
Isabel,51,Bremen
Anna,18,Hamburg
Ben,61,Köln
Hannes,58,Dresden
Isabel,60,Hamburg
Hannes,33,Bremen
Anna,24,Leipzig
David,26,Dresden
Hannes,21,Leipzig
Hannes,64,Stuttgart
Eva,33,Berlin
Felix,32,Berlin
Hannes,42,Bremen
David,60,Dresden
Eva,53,München
David,19,Essen
David,36,Köln
Greta,58,Stuttgart
Anna,26,Essen
Isabel,60,Essen
Eva,61,Dresden
Hannes,35,Köln
Anna,32,Bremen
Jonas,61,Dortmund
Felix,57,Stuttgart
Isabel,64,Dresden
Jonas,57,Hamburg
Ben,65,Bremen
Eva,53,Berlin
Ben,30,Dortmund
Isabel,18,Berlin
Clara,63,Dortmund
Clara,47,Hamburg
Clara,25,Berlin
Felix,33,Bremen
Felix,49,Dresden
Hannes,52,Dortmund
Jonas,36,Bremen
Eva,25,Bremen
Hannes,61,Köln
Felix,45,Berlin
Clara,54,Köln
Anna,26,Berlin
David,25,Hamburg
Anna,48,München
Greta,50,Stuttgart
Clara,43,Leipzig
Ben,55,Bremen
Eva,45,Dortmund
Jonas,60,Dortmund
Felix,24,Hamburg
Ben,47,Hamburg
Isabel,52,München
Hannes,62,Stuttgart
Clara,46,München
Clara,20,Stuttgart
Isabel,42,Dortmund
Greta,46,Leipzig
Anna,20,Berlin
David,44,Bremen
Ben,42,Essen
Jonas,64,Berlin
Clara,32,Hamburg
Hannes,27,Dresden
David,33,Dresden
Ben,24,Essen
David,31,Dresden
Greta,60,Hamburg
Greta,19,Stuttgart
Isabel,27,Dresden
Anna,22,Bremen
Anna,28,Bremen
Eva,40,Bremen
Felix,63,Berlin
Anna,32,Leipzig
Clara,52,Dresden
Jonas,54,Dresden
Hannes,64,Leipzig
Jonas,48,Stuttgart
Felix,29,Dresden
David,19,Dortmund
Hannes,60,Leipzig
Hannes,20,Dortmund
Greta,63,Berlin
Isabel,50,Köln
Ben,61,Dresden
Eva,22,Hamburg
Ben,62,Dresden
Felix,33,Essen
Felix,20,Berlin
Eva,43,Köln
Greta,28,Essen
Hannes,51,Essen
Isabel,61,Stuttgart
Anna,27,Hamburg
Clara,31,Essen
David,57,Köln
David,61,Hamburg
Ben,59,Bremen
Isabel,36,Bremen
Felix,63,Essen
Greta,26,Essen
Felix,64,Hamburg
Ben,55,Berlin
Isabel,42,Köln
Hannes,39,Berlin
Isabel,57,Dortmund
Ben,65,Hamburg
Greta,18,Dresden
Hannes,47,Essen
David,55,Dortmund
Hannes,37,Dortmund
Anna,33,Essen
Clara,44,Bremen
Eva,53,Köln
Hannes,34,Dortmund
Isabel,23,Essen
Ben,47,München
Ben,61,Leipzig
Clara,49,Dresden
Felix,65,Leipzig
Anna,32,Hamburg
Jonas,43,Dortmund
Ben,18,Berlin
Jonas,53,Leipzig
Hannes,27,Dortmund
Isabel,44,Berlin
Ben,36,Essen
Jonas,28,Bremen
Eva,18,Berlin
Ben,19,Essen
Clara,56,Hamburg
Greta,56,Bremen
Jonas,28,Leipzig
Greta,34,Köln
Hannes,22,Dresden
David,28,Köln
Eva,22,Dortmund
David,41,Essen
Ben,28,Dresden
Greta,60,Essen
Isabel,24,Dortmund
Anna,56,Dortmund
Clara,18,Bremen
Ben,31,Leipzig
Isabel,24,Bremen
Ben,35,Leipzig
Anna,47,Hamburg
Eva,35,Dresden
Anna,29,Stuttgart
Anna,26,München
Hannes,22,Hamburg
Eva,31,Leipzig
David,34,Hamburg
Ben,36,Essen
Isabel,58,Bremen
David,33,Dortmund
Greta,19,Dresden
Anna,22,Essen
Hannes,59,Dortmund
Felix,45,Köln
Isabel,48,Berlin
David,63,Essen
Eva,47,Stuttgart
Isabel,23,Hamburg
Jonas,61,Hamburg
Eva,63,Berlin
Greta,40,Essen
Anna,31,Stuttgart
David,63,Bremen
Clara,55,Leipzig
David,59,Essen
David,20,Dresden
Greta,55,Bremen
Hannes,63,München
Eva,65,Dortmund
David,63,Stuttgart
Felix,48,Essen
Felix,55,Leipzig
Hannes,62,Köln
Anna,19,Dortmund
Clara,30,Bremen
Anna,65,Köln
Clara,51,Dresden
Jonas,52,Stuttgart
Felix,25,Köln
Anna,28,Essen
Eva,38,Köln
Ben,62,München
Ben,47,Köln
Anna,25,München
Isabel,20,Dresden
Jonas,42,Essen
Jonas,20,Essen
Eva,51,Essen
Anna,61,Köln
Ben,23,München
Felix,40,Hamburg
Eva,50,Dresden
David,56,Dresden
Eva,55,Berlin
Anna,63,Essen
Felix,58,Dresden
Anna,44,Dresden
David,40,Berlin
Felix,39,Bremen
Felix,48,Dortmund
Clara,37,Hamburg
Jonas,48,Hamburg
Felix,42,Hamburg
Felix,38,Köln
Ben,51,Stuttgart
Ben,42,Bremen
Isabel,20,Essen
Eva,64,Leipzig
Greta,33,München
Felix,62,Köln
Jonas,61,Dortmund
Greta,19,Leipzig
Isabel,41,Hamburg
David,55,Dortmund
Greta,56,Stuttgart
Clara,57,Stuttgart
Isabel,44,Berlin
Anna,49,Essen
Clara,44,Berlin
Anna,49,Leipzig
Isabel,63,Dresden
Ben,32,Essen
Hannes,55,Essen
Felix,54,Berlin
Hannes,64,Hamburg
Ben,45,Berlin
Clara,57,Essen
Eva,22,Berlin
Greta,40,Dortmund
Ben,58,Stuttgart
Jonas,48,Köln
Felix,42,Bremen
Hannes,39,Hamburg
Eva,29,Stuttgart
Anna,33,Köln
David,35,Dresden
Felix,39,Essen
Greta,31,München
Felix,61,Dortmund
Greta,43,Berlin
Anna,56,Leipzig
Eva,57,Bremen
Jonas,53,Essen
Eva,31,Dresden
Anna,35,München
Eva,51,Dresden
Isabel,50,Dresden
Hannes,29,Stuttgart
Isabel,44,Dresden
David,58,Berlin
Ben,25,Hamburg
Felix,48,Dortmund
Anna,48,Dresden
Clara,65,Hamburg
Clara,21,Dortmund
Clara,20,Bremen
Hannes,62,Stuttgart
Felix,43,Berlin
Isabel,51,Leipzig
Clara,48,Dresden
David,44,Bremen
Anna,33,Köln
Anna,20,Essen
David,48,Essen
Isabel,22,Hamburg
Hannes,27,München
Clara,27,München
Hannes,54,Essen
Ben,59,München
David,62,Stuttgart
David,25,Berlin
Jonas,51,Bremen
Greta,60,Dortmund
Anna,33,Hamburg
Ben,33,Köln
Jonas,24,Bremen
Isabel,22,Stuttgart
Eva,41,Berlin
Isabel,20,Dortmund
Hannes,47,München
Jonas,34,München
Greta,37,Dresden
Eva,59,Köln
Ben,56,München
Clara,58,Hamburg
Isabel,50,Leipzig
Clara,62,Hamburg
Clara,23,Köln
Greta,36,Berlin
Eva,62,Bremen
Anna,35,München
Felix,53,Köln
Jonas,38,Dortmund
Anna,55,Essen
Greta,47,Berlin
Isabel,56,München
David,44,Berlin
Ben,51,Köln
Ben,25,Köln
Ben,52,Dresden
Felix,39,Bremen
Eva,33,Köln
Felix,34,Leipzig
Isabel,62,München
Felix,42,München
Eva,38,Berlin
Jonas,23,Bremen
Hannes,54,Stuttgart
David,41,Köln
Jonas,34,Stuttgart
Ben,40,Dresden
David,57,Dortmund
Eva,53,München
Anna,48,Leipzig
Clara,31,Dresden
Ben,39,München
Anna,18,Hamburg
David,21,München
Anna,49,Köln
Greta,54,München
Ben,54,Stuttgart
Jonas,48,Stuttgart
Eva,60,Köln
Ben,38,Köln
Anna,51,Dresden
Isabel,49,Dresden
Anna,37,Dortmund
Isabel,22,Essen
Clara,21,Köln
Hannes,40,Dresden
Clara,44,Bremen
Ben,28,Hamburg
Felix,65,Köln
Jonas,36,Köln
Felix,58,Hamburg
David,42,Stuttgart
Eva,27,Berlin
Jonas,63,Essen
Eva,53,München
Clara,65,Dortmund
Jonas,65,München
Felix,23,Stuttgart
Greta,61,Bremen
Greta,22,Berlin
Anna,28,Leipzig
Isabel,60,Dresden
Jonas,60,Bremen
Anna,48,München
Eva,31,Köln
David,29,Hamburg
Isabel,45,Bremen
Isabel,46,Köln
Anna,51,Bremen
Hannes,27,Bremen
Greta,62,Leipzig
Clara,58,Essen
Anna,35,Stuttgart
Greta,19,Leipzig
Clara,28,Essen
David,63,Leipzig
Isabel,59,Hamburg
Eva,54,München
Greta,64,Stuttgart
Greta,64,Dortmund
Jonas,55,Dortmund
Jonas,60,Dortmund
Felix,39,Stuttgart
Ben,22,Stuttgart
Felix,51,München
Clara,59,München
Clara,43,Bremen
Eva,50,Köln
Anna,31,Köln
Isabel,52,Stuttgart
David,18,Stuttgart
David,22,Dresden
Jonas,38,Stuttgart
Ben,46,Hamburg
Anna,28,München
Greta,30,Dresden
Anna,50,Dortmund
Anna,18,Essen
David,38,Bremen
Eva,45,München
Isabel,34,Stuttgart
Clara,37,Essen
Greta,60,Dortmund
Hannes,63,Dortmund
Jonas,21,Leipzig
Eva,34,Essen
Jonas,43,Leipzig
Eva,54,Berlin
Eva,34,München
Felix,64,Dresden
Hannes,56,Essen
Greta,43,Stuttgart
Ben,56,München
Eva,40,Köln
Isabel,21,Bremen
Clara,37,Berlin
Hannes,50,Leipzig
Jonas,57,Dresden
Anna,38,Leipzig
Clara,24,Bremen
Eva,24,Dortmund
Jonas,58,Berlin
Hannes,23,Hamburg
Eva,46,Essen
David,19,Essen
Hannes,58,Dortmund
Anna,20,Leipzig
Anna,38,München
Eva,37,Bremen
Isabel,62,Essen
David,59,Stuttgart
Isabel,53,Essen
Ben,26,Stuttgart
Anna,62,Bremen
Ben,24,Essen
Ben,65,Hamburg
Eva,51,Bremen
Felix,36,Essen
Anna,32,Dresden
Clara,41,Hamburg
Isabel,52,Essen
Clara,28,Essen
Isabel,29,Berlin
Isabel,27,München
Eva,46,München
Greta,37,Stuttgart
David,57,Stuttgart
Greta,50,Dresden
Anna,27,Stuttgart
Eva,60,Dortmund
Jonas,54,Leipzig
Felix,36,München
Greta,60,Berlin
Felix,48,Stuttgart
Ben,41,Berlin
Felix,40,Stuttgart
Isabel,65,Bremen
Felix,60,Bremen
Ben,35,Köln
Greta,59,Essen
Jonas,41,Bremen
Isabel,20,Essen
David,21,Dortmund
Clara,41,Dortmund
Eva,58,Köln
Ben,35,Dresden
Greta,43,Bremen
David,22,Bremen
Felix,34,Köln
David,63,Köln
Eva,51,Berlin
Eva,60,Dresden
Felix,21,München
Greta,38,Leipzig
Isabel,18,Dortmund
Greta,40,Stuttgart
Anna,50,Dresden
Clara,26,Bremen
Clara,26,Bremen
Eva,37,Hamburg
Clara,51,Bremen
Clara,30,München
Greta,29,München
Isabel,53,Bremen
David,32,Bremen
Ben,37,Bremen
Isabel,64,Köln
Hannes,47,München
Greta,49,Bremen
David,56,Köln
Hannes,51,Köln
Isabel,41,Stuttgart
Felix,28,Hamburg
Jonas,28,Dresden
Eva,42,Essen
Clara,57,München
Eva,61,Leipzig
Ben,22,Köln
David,31,Bremen
Eva,33,Berlin
Greta,53,Stuttgart
Hannes,57,Köln
Hannes,33,Dortmund
Anna,18,Essen
Felix,18,Bremen
Felix,58,Essen
Greta,46,Hamburg
Hannes,33,Essen
Anna,21,Hamburg
Felix,27,Berlin
David,30,Dresden
Ben,38,Essen
Isabel,43,München
Ben,52,Hamburg
Eva,50,Hamburg
Ben,21,München
David,21,Bremen
David,22,Berlin
David,34,Leipzig
Ben,19,Bremen
Isabel,44,Essen
Anna,30,Bremen
David,26,Bremen
Felix,65,Berlin
Jonas,42,Bremen
Clara,55,München
Eva,19,Leipzig
Clara,45,Stuttgart
Greta,54,München
Hannes,33,Stuttgart
Jonas,59,München
David,59,München
Hannes,43,München
Jonas,40,München
Jonas,59,Hamburg
Greta,51,Stuttgart
David,60,Dresden
Clara,53,Leipzig
Anna,29,Hamburg
Anna,51,Berlin
Hannes,32,Dresden
Ben,39,München
Anna,55,Essen
David,64,Köln
Greta,50,Köln
Clara,34,Essen
Ben,62,Hamburg
Hannes,57,Köln
Clara,30,Stuttgart
Clara,59,Bremen
Isabel,29,Dortmund
Anna,23,Dortmund
David,55,Leipzig
Anna,18,Dortmund
Clara,23,Köln
Jonas,24,Hamburg
Hannes,47,München
Greta,40,München
Clara,27,Leipzig
Eva,23,Dortmund
Jonas,56,Berlin
Clara,56,Leipzig
Clara,50,Köln
Clara,57,Dresden
Greta,59,Köln
Isabel,44,Dortmund
Felix,28,Dresden
Clara,53,Berlin
Hannes,38,München
Jonas,43,München
Ben,38,Stuttgart
Greta,60,Bremen
Isabel,45,Berlin
Clara,53,Essen
Anna,26,Dresden
Ben,47,München
Anna,65,Berlin
David,34,Bremen
Felix,51,Essen
Ben,54,Dortmund
Ben,47,Dortmund
Greta,32,Berlin
Jonas,30,Essen
Eva,39,Leipzig
Eva,41,Leipzig
Clara,27,Leipzig
Greta,28,Leipzig
Jonas,64,Hamburg
Hannes,30,Essen
Isabel,23,Hamburg
Eva,41,Stuttgart
Clara,41,Köln
Clara,62,Dresden
Isabel,60,Berlin
Hannes,38,Hamburg
Felix,25,Stuttgart
David,62,Leipzig
Felix,26,München
Clara,51,Essen
Clara,37,Hamburg
David,46,Dortmund
Isabel,27,Dresden
Greta,21,Stuttgart
David,19,Essen
Eva,55,Stuttgart
Isabel,29,München
Anna,30,Leipzig
Isabel,26,Köln
Felix,19,München
Hannes,31,Stuttgart
Greta,44,München
David,63,Dortmund
Hannes,36,Dresden
Clara,25,Hamburg
Greta,46,Berlin
Greta,42,München
Ben,19,Dresden
Clara,62,Bremen
David,41,Köln
Greta,32,Köln
Clara,49,München
Jonas,22,Köln
Clara,19,München
Clara,63,Köln
Hannes,23,Dresden
Clara,22,München
Jonas,44,Köln
Anna,33,Dortmund
Jonas,36,München
Hannes,50,Dortmund
Clara,30,Leipzig
Clara,45,München
Anna,62,Dresden
David,22,Dortmund
Greta,36,Berlin
Anna,64,Dresden
Eva,52,Essen
Eva,39,München
Jonas,36,Dresden
Greta,52,München
Jonas,50,Essen
